# ejercicio,resultado
1.0,[10 11 12 13 14 15 16 17 18 19 20 21 22 23 24 25 26 27 28 29]
2.0,100.0
3.0,[ 6 45 10 60  7]
4.0,"Inversa: [[-1.9   1.3   0.66 -1.11]
 [ 1.4  -0.8  -0.36  0.56]
 [ 1.3  -1.1  -0.42  1.07]
 [-0.5   0.5   0.1  -0.35]]"
5.0,"Máximo: 0.9925213037440305, Índice: 9"
5.0,"Mínimo: 0.001859734755752518, Índice: 87"
6.0,"[[0 1 2]
 [1 2 3]
 [2 3 4]]"
7.0,"[[2 2]
 [2 9]]"
8.0,[0. 0. 0. 5. 5. 5. 5. 0. 0. 0.]
9.0,"[[6 4 3]
 [6 2 8]
 [9 9 7]]"
10.0,[0.96589757 0.87930253 0.91901777]
